"Parameter","N","Median","Mean","SD","t_statistic","p_value","significant"
"α (Learning Rate)",202,0.298906909059536,0.298719454290416,0.170771847138209,24.8612474368946,3.10507041150124e-63,TRUE
"β (Inverse Temperature)",202,2.13893882096818,2.41751760243271,1.93134394338863,17.7903997865218,3.78945542980126e-43,TRUE
"ω (Precision Weight)",202,0.829212645354938,0.59438638596396,0.441260016093453,19.1447615645171,3.46360229543557e-47,TRUE
